<?xml version="1.0" encoding="UTF-8"?>
<component>
    <DashboardHolder activeDashboard="ILA">
        <Dashboard columnResizable="1" key="ILA" rowResizable="0" title="ILA">
            <Settings/>
            <GadgetContainer boxAxis="1" count="2" height="632"
                layout="JideBoxLayout" vgap="6" width="537">
                <Gadget height="111" key="Trigger Capture Status" width="537"/>
                <Gadget height="460" key="Basic Trigger Setup" width="537">
                    <Probe name="cur_st[2:0]"/>
                </Gadget>
                <Settings/>
            </GadgetContainer>
        </Dashboard>
    </DashboardHolder>
</component>
